"0","install.packages(""tidymodels"")"
"2","WARNING: Rtools is required to build R packages but is not currently installed. Please download and install the appropriate version of Rtools before proceeding:

https://cran.rstudio.com/bin/windows/Rtools/
"
"2","Installazione pacchetto in ‘C:/Users/Sergio/AppData/Local/R/win-library/4.4’
(perché ‘lib’ non è specificato)
"
"2","apertura URL 'https://cran.rstudio.com/bin/windows/contrib/4.4/tidymodels_1.3.0.zip'
"
"2","Content type 'application/zip'"
"2"," length 89181 bytes (87 KB)
"
"2","downloaded 87 KB

"
"1","pacchetto ‘tidymodels’ aperto con successo con controllo somme MD5
"
"1","
"
"1",""
"1","I pacchetti binari scaricati sono in
	C:\Users\Sergio\AppData\Local\Temp\RtmpC2bYX2\downloaded_packages"
"1",""
"1","
"
"0","library(tidyverse)"
"2","Avvertimento: il pacchetto ‘readr’ è stato creato con R versione 4.4.3"
"2","── [1mAttaching core tidyverse packages[22m ────────────────────────────────────────────────────────────── tidyverse 2.0.0 ──
[32m✔[39m [34mdplyr    [39m 1.1.4     [32m✔[39m [34mreadr    [39m 2.1.5
[32m✔[39m [34mforcats  [39m 1.0.0     [32m✔[39m [34mstringr  [39m 1.5.1
[32m✔[39m [34mggplot2  [39m 3.5.1     [32m✔[39m [34mtibble   [39m 3.2.1
[32m✔[39m [34mlubridate[39m 1.9.4     [32m✔[39m [34mtidyr    [39m 1.3.1
[32m✔[39m [34mpurrr    [39m 1.0.4     "
"2","── [1mConflicts[22m ──────────────────────────────────────────────────────────────────────────────── tidyverse_conflicts() ──
[31m✖[39m [34mdplyr[39m::[32mfilter()[39m masks [34mstats[39m::filter()
[31m✖[39m [34mdplyr[39m::[32mlag()[39m    masks [34mstats[39m::lag()
[36mℹ[39m Use the ]8;;http://conflicted.r-lib.org/conflicted package]8;; to force all conflicts to become errors"
"0","meteo <- read_csv(""meteoData1.csv"")"
"2","[1mRows: [22m[34m2465[39m [1mColumns: [22m[34m10[39m"
"2","[36m──[39m [1mColumn specification[22m [36m──────────────────────────────────────────────────────────────────────────────────────────────[39m
[1mDelimiter:[22m "",""
[31mchr[39m (1): station
[32mdbl[39m (9): year, month, cloudCover, tempMean, tempDeviation, precipTot, snowFreshTot, snowTot, sunshinePerc"
"2","
[36mℹ[39m Use `spec()` to retrieve the full column specification for this data.
[36mℹ[39m Specify the column types or set `show_col_types = FALSE` to quiet this message."
"0","head(meteo)"
